code,rate_pred
11854359,37.74333333333333
12810801,76.08666666666666
12837962,29.481666666666666
12856401,42.451666666666654
12833398,23.56333333333333
12868787,24.45666666666667
12857530,44.54666666666666
12824780,37.90166666666666
12866253,24.531666666666666
12808946,11.11
12845345,142.28666666666666
12850047,25.58333333333333
11803011,68.605
11855762,36.63
11854740,33.14833333333333
11878304,13.101666666666668
11855789,29.87833333333333
12854239,60.315
11803126,37.535
11874813,16.465
